0,1,2,3,4,5,6,7,8,9,10,11,12,13,14,15,16,17,18,19,20,21,22,23,24,25,26,27,28,29,30,31,32,33,34,35,36,37,38,39,40,41,42,43,44,45,46,47,48,49
0.36354434,-0.3001095,-0.078191176,-1.0326222,0.15709251,-0.9837457,0.5195965,-0.50502634,0.87350816,-0.8001633,-0.03256561,-0.18919325,0.3412179,-0.61926585,0.5834572,-0.10427671,0.15859456,0.28698897,-0.02602917,0.23580167,0.08203536,0.1923559,-0.48419398,-0.15918387,-0.5479324,-0.016882505,-0.04238642,0.22158322,-0.012126014,0.03397075,-0.14915457,-0.041819796,-0.18974176,-0.12332045,-0.17468971,0.22846457,-0.13239148,-0.07068401,0.045429084,-0.1369281,0.11142618,-0.1157105,-0.048904557,-0.20499103,-0.173974,-0.0802539,-0.0812376,0.019611329,-0.1943954,-0.20916942
-0.23108292,0.34745565,0.102603234,0.84051764,-0.08530104,0.39420283,-0.7975903,-0.45952892,0.18793997,-0.024489684,-0.9478528,0.4897445,-0.19916384,-0.22789901,-0.002881788,-0.1379334,-0.2257506,-0.41881073,-0.45791623,0.08750835,-0.07974204,0.2233203,-0.22073084,-0.17210677,-0.43900585,0.16831785,0.014138721,-0.46615478,-0.27056625,-0.1434834,0.09918239,-0.27324653,0.2826344,0.05424449,0.12889041,-0.03336218,0.04345747,0.20494106,0.25935575,0.036131997,-0.4066375,0.12573147,0.22704776,-0.1839014,0.07981295,-0.23136741,0.27173507,0.27006277,-0.13542062,0.06131503
0.21401322,0.36431468,0.26762962,0.61763185,-0.1985928,0.23183268,-0.24791363,-0.54526913,0.35394168,0.08968751,-0.746537,0.42957386,0.18372074,-0.2325677,0.1311992,-0.030347705,0.03179372,-0.6640732,-0.14082442,-0.31611934,0.2933857,0.028545879,-0.06680162,-0.52086073,-0.5856265,0.12565897,0.32565063,-0.40668312,-0.18790214,-0.3434045,0.058089774,-0.3287305,0.02830632,0.10820879,-0.012887904,0.006271564,0.19887269,0.08078079,0.2644519,0.14529485,-0.35309446,0.00736532,0.37038413,-0.08759103,0.21564041,-0.32387516,0.10830619,0.27303103,-0.2985575,0.029361157
-0.18014386,-0.48839146,0.11307146,1.3722973,0.5786374,0.048446536,-0.39875582,0.51779467,-0.3218478,0.62603444,-0.06395586,0.42337826,0.08252454,-0.00407441,-0.05907935,-0.44473505,-0.32575083,-0.14861074,0.37036392,0.08565736,0.20407344,0.30973896,-0.003931761,-0.22571798,-0.04429786,-0.08562803,0.17153126,-0.4118373,0.05404131,0.27747262,0.109634295,-0.123110004,-0.12425016,0.18872067,0.29939747,-0.016419172,-0.021016195,0.24031985,-0.04169406,-0.022920966,0.0536433,0.02258753,-0.15213948,-0.16044024,0.056763202,-0.2100085,0.09051946,0.011165563,-0.0302977,0.119968444
-0.88216615,-0.33687353,-0.31334445,2.0207682,0.124420404,1.1803666,-1.2889428,1.0195575,-0.8983007,0.69524395,0.221678,0.8087629,-0.94594175,0.7223773,-1.1397705,-0.4075436,-0.32863194,-0.47962493,0.7213595,0.006294722,0.23062193,0.23311193,0.29356462,0.12665738,0.6734125,0.08129873,-0.31170383,-0.5237299,-0.14670396,0.6674042,0.37016892,-0.076867454,-0.02409524,0.4197677,-0.06123675,-0.5516496,0.006300315,0.23474804,-0.17516215,0.21824948,0.002043132,-0.008404474,0.0693848,0.24679682,-0.15212099,0.023934131,-0.12645376,-0.4940671,0.24540858,0.33414853
0.73121965,-1.5088904,1.3770163,2.3626666,0.86074555,-2.9477706,0.5019508,1.7380654,-0.28584644,0.70326865,1.2875926,0.083853394,0.884548,-0.13032763,0.83012515,-0.21266262,0.23467728,0.42538923,2.083881,-0.37522012,-0.18020117,0.36035162,0.29209834,0.39761308,0.6043396,-0.96268034,-0.05732102,1.0881436,1.2699451,1.404517,0.21798073,-0.42275342,-0.9594773,0.24829477,1.0905712,0.90866846,-0.5142567,0.6467083,-0.9205474,-0.7094897,1.2673787,-0.5721632,-1.2032334,0.006195568,0.025316503,-0.31516674,-0.45995063,-0.45623913,0.17073521,-0.029745148
-0.35504875,0.11181514,-0.08280156,0.72605044,-0.28263074,0.66449296,-0.56225103,0.14159203,-0.23331794,0.12541229,-0.64751434,0.45617554,-0.19459806,-0.28426483,-0.23457582,-0.040492233,-0.108793005,-0.43218583,-0.005890686,-0.1470907,0.17481102,0.16748223,-0.21443635,-0.3804349,-0.09055318,0.3423993,0.085921615,-0.39583865,-0.34335944,-0.068837054,0.1214289,-0.07406904,0.09031444,0.27498063,-0.1256248,-0.25220212,0.30497763,-0.040444896,0.16500181,0.04214029,-0.28493214,0.08430373,0.28582266,-0.022435948,0.02293825,0.014533948,0.10762981,-0.041548885,-0.15775548,0.036187913
-0.29671192,0.15930082,-0.792035,-0.4349,-0.40079272,0.695151,-0.39713988,-0.6972312,0.078662276,-0.23802885,-0.19450791,-2.21E-05,-0.47216493,0.3234126,-0.6133036,-0.24576634,-0.54346186,-0.13007922,-0.13808186,0.13741076,0.31506902,0.1404668,-0.34727353,-0.04948236,-0.31255323,0.45817065,0.1427072,-0.3476045,-0.24458101,-0.42127866,0.12369558,-0.03238949,0.15345117,0.1433844,-0.49227437,-0.3733542,0.2787841,-0.2556948,0.24067098,0.33851826,-0.41135764,0.21784642,0.3287441,0.124313876,-0.16784684,0.27395338,-0.024861496,-0.2280738,-0.23237137,-0.014284991
-0.7627666,0.19254601,-1.2883085,-1.1908123,-0.741201,1.4680977,-0.14188877,-0.87034094,0.14989352,-0.6417065,-0.44613495,-0.27137968,-0.8123736,0.094380386,-0.85162926,-0.03563768,-0.50560313,0.029933333,-0.7768213,0.24455784,0.13169223,0.5210561,-0.53727,-0.019074928,-0.16764408,0.77985525,0.12598585,-0.58080345,-0.6781789,-0.6896014,-0.034080908,0.10271514,0.65930283,0.2124163,-0.6234611,-0.6038992,0.022224752,-0.46149766,0.5437906,0.19156799,-0.2621944,0.5373128,0.5627326,0.16270274,-0.43294862,0.34837952,0.1972734,-0.08706054,-0.20444334,0.067040056
-0.6736799,-0.105333544,-0.38021827,0.8421857,-0.13024454,1.2134706,-0.8016095,-0.07608841,-0.445232,0.08369814,-0.34045714,0.50700575,-0.83039594,0.10780479,-0.5973662,-0.17875135,-0.36643645,-0.11488832,-0.2973508,0.13806753,0.07669431,0.22422774,-0.3832005,-0.15115643,0.049751684,0.295912,0.1298494,-0.5165641,-0.33131137,-0.2703576,0.13124321,0.12288179,0.40331686,0.066636115,-0.18012899,-0.47401598,0.19056258,-0.117094785,0.1323925,0.092402376,-0.19773641,0.179353,0.26136062,0.07609742,-0.11487588,0.073822826,0.12802958,-0.05561681,-0.041932132,0.22001354
-0.7782185,-1.7037461,1.2194756,3.5613556,0.48695096,-0.22156581,-1.1138238,1.8629267,-1.5201144,1.5766432,0.42437473,1.0928828,0.15165234,0.5994155,0.016489148,-0.91360086,-0.004816733,-0.5375494,1.504525,-0.38858,0.36873496,0.029477235,0.5535148,0.008667894,1.0811918,-0.29237452,0.14046595,-0.10246909,0.5597095,0.9826844,0.59870285,-0.16378109,-0.12951778,0.37189373,0.64625764,-0.092262775,-0.0970659,0.6009701,-0.60712165,-0.046179425,0.5904038,-0.3141775,-0.4753151,0.063887805,0.2150765,-0.36276904,-0.3174851,-0.19272865,0.4467572,0.3075408
0.64437944,-0.004254133,-0.3206512,-0.097058274,-0.016594373,-0.73584723,0.26712355,-0.07723485,0.6613855,-0.5958174,-0.41993466,0.024208426,0.301453,-0.23381707,0.4146697,-0.25211558,-0.16551758,0.18242083,0.3715694,0.007742386,0.19577204,0.10917619,-0.29044572,0.11547519,-0.2442697,-0.29407305,0.12313674,-0.020496584,0.045813356,0.19985731,0.35339034,-0.20502804,-0.19520847,-0.041260686,0.057063237,0.23285636,-0.2056084,-0.062344164,-0.07380496,0.010409834,-0.022284303,-0.11188295,-0.013449075,-0.30789238,0.0579438,-0.07748853,0.011083242,-0.05487043,-0.017716868,-0.07754264
0.027748086,1.3153547,-1.6230382,-1.9422635,-1.0261273,1.123713,-0.27776766,-2.2949595,0.17256048,-0.7842773,-1.1677614,-0.45131692,-1.259648,-0.38045868,-0.4509186,0.7176281,-0.13879666,-0.012610637,-1.8130535,0.231573,-0.12715393,0.27314445,-0.9880689,-0.38815096,-1.2299707,0.78988534,0.19301222,-0.6050287,-0.93213654,-1.4433298,-0.4009318,0.54210734,0.6843155,0.069698006,-0.69952554,-0.6606894,0.8893319,-0.68839014,0.80687124,0.052448537,-0.866144,0.5963012,0.8317845,-0.015838888,-0.39510202,0.3884166,0.50412947,0.3545501,-0.43169054,-0.27415812
-0.3726943,-0.4269317,0.016990237,1.3827478,0.030634359,0.33453387,-0.98854893,-0.024624836,-0.44823015,0.07594229,-0.39227933,0.5985828,-0.4058228,-0.35844335,-0.15317751,-0.2883145,-0.17564698,-0.07657218,-0.03758368,0.00742415,0.14320184,0.050847575,-0.25714374,-0.08567384,0.17506242,-0.0715978,-0.093015805,-0.1353401,0.004844505,0.14269176,-0.048984323,0.118784286,0.13190424,0.25824338,-0.043314084,-0.24197705,0.112402014,0.06610344,-0.048972767,0.035688415,0.053392142,0.1280441,0.052570187,0.019246962,-0.2384796,-0.015273476,-0.04853087,-0.20802242,-0.08913143,0.000552174
-0.4101913,-0.96666926,1.2307464,1.2402936,0.6458705,-0.26993093,-0.41437593,0.7918777,-0.2860959,0.24621539,-0.13389474,0.5313968,0.051600326,-0.28762755,0.01424584,-0.60604423,-0.3283693,0.06058336,0.31855625,0.05754766,0.21439031,0.000264134,-0.12801263,-0.37665492,0.22300667,-0.17483926,0.18162027,0.08016422,0.23674153,0.46039602,0.27641147,-0.08227252,-0.00411788,0.03413371,0.2703031,0.02483998,-0.109845646,0.20265558,-0.14192936,0.08587781,0.14961794,-0.012402955,-0.22924191,-0.08155572,-0.012594749,-0.19280094,-0.027355585,0.02083097,-0.08223967,0.17788722
-0.67222685,-0.5456741,-0.21903054,2.0095677,0.20886916,1.0575162,-1.9659864,0.76729953,-1.705849,0.6968473,-0.5882894,0.9784393,-0.36672822,0.2876509,-0.45283735,-0.73829436,-0.42623678,-0.61972547,0.43198615,-0.11055218,0.5720804,0.124239996,0.28200778,-0.062194027,0.8204049,0.29188925,-0.09755721,-0.81322974,-0.049148355,0.46178678,0.34151787,0.04413356,0.4507442,0.14109786,0.2698451,-0.38959894,-0.004408319,0.28871086,-0.23368762,0.16827245,-0.21835563,-0.21325949,0.057572655,0.1353051,0.092980385,-0.077633485,-0.091792375,-0.000618096,0.27467054,0.29152647
0.80768687,0.742823,-0.538207,-0.96503115,-0.41252103,-0.81736094,0.3125563,-1.0277512,0.6291652,-0.8110249,-0.6274102,-0.24676922,0.28436193,-0.6078839,0.6411877,-0.29749942,0.21088526,-0.047208562,-0.29718253,0.33357587,-0.14390898,0.013836629,-0.51173615,-0.29686347,-0.4671809,-0.12048764,-0.086780146,0.09805871,0.043760292,-0.15650067,-0.24492714,0.037308678,-0.009314613,-0.15302666,0.069486246,0.37904778,-0.080345,0.01512905,-0.07022184,-0.17711219,-0.13500276,0.007969661,0.031219544,-0.21830407,-0.11981076,0.04927,-0.10028123,0.1601135,-0.20625918,-0.3127158
-0.6038789,-0.37397876,0.37624052,1.0586612,-0.061062932,0.73154885,-0.66559076,0.24328619,-0.7047873,0.4339373,-0.56073993,0.33809823,0.13415252,-0.26048288,-0.33662942,0.003879997,0.12010902,-0.29783818,-0.27774864,0.22903031,0.271721,-0.099005245,-0.26551062,-0.17175084,0.008204289,0.20843135,0.13458312,-0.323094,-0.45362583,-0.2905641,0.047050677,-0.018233437,0.36508912,-0.020240784,-0.096756235,-0.21104845,0.28122222,0.051946267,0.38601503,0.14981277,-0.001424719,0.012597869,0.16119197,0.018807542,-0.015034527,-0.13318431,0.06395349,0.14249705,-0.21079865,0.2086152
-0.1284385,-0.37985936,0.31353882,0.475843,0.6375215,-0.16143364,-0.22241667,-0.35708866,0.09870351,-0.28822467,-0.31945002,0.20786217,0.13765192,-0.5394623,0.058710404,-0.15946013,-0.31185412,0.026988998,-0.18455957,0.28857353,0.3082558,0.018815931,-0.2188469,-0.37800968,-0.2050969,0.046431642,0.31026837,-0.23907155,-0.095846474,-0.08009932,0.01964741,-0.13167283,0.17558603,0.21180235,0.018877573,-0.12616651,0.020263882,0.22164662,0.078495674,0.08494823,-0.118064575,-0.049484953,0.01317377,-0.19002187,0.039808527,-0.22310519,0.1773217,0.16937366,-0.23003708,0.06989669
0.7716256,0.45204353,-0.5739984,-2.4270463,-0.55560917,-0.7112388,0.662093,-1.448468,1.0945767,-1.0331534,0.1903606,-0.52635753,0.16940674,-0.2854009,0.38333225,0.23381451,-0.092459634,0.31112596,-0.65202004,0.48462662,-0.25082257,0.13335584,-0.6237769,-0.13710117,-0.8732925,0.08341437,0.20531973,0.12256026,-0.18111448,-0.2552655,-0.18745646,-0.17055006,0.054055087,-0.09521836,-0.42803606,0.27207735,-0.16677302,-0.37761855,0.11566158,0.12013299,-0.18945906,0.019309074,-0.09607941,-0.08919964,-0.13425764,0.04173375,-0.023039762,0.12542197,-0.3646834,-0.2684387
-0.5405804,1.3437787,-1.9932451,-1.630992,-1.4032274,1.9516306,-1.038567,-1.643898,-0.19163741,-0.6783715,-1.1365129,-0.13779825,-1.6978697,0.06040515,-0.7161041,0.43161562,-0.40370002,-0.12645969,-1.6014514,0.24756023,0.005313747,0.44289154,-1.0943016,-0.09071626,-0.826364,0.9301513,0.18411855,-1.0024877,-1.090678,-1.517177,-0.17595202,0.5097313,0.81545895,0.23123996,-1.1279224,-0.8680217,0.8555276,-0.8071857,0.7591695,0.32945716,-1.0867326,0.56830037,1.2294458,0.1598447,-0.3612314,0.66453743,0.3409735,0.20460212,-0.44789746,-0.14763278
-0.2773693,-0.1382888,0.18315816,2.5492125,0.5364783,-0.13118798,-1.3969573,1.2098838,-1.3507762,0.92533225,-0.24719352,1.1559123,0.051804647,0.23973626,0.31982625,-0.8487492,-0.049246646,-0.6261079,0.5297628,0.01935891,0.46472716,0.26817685,0.3087222,0.088134006,0.5656464,-0.12220925,0.070005625,-0.2566455,0.23252034,0.5963982,0.22354877,-0.004090387,0.12112135,0.20165642,0.72221893,-0.20329714,-0.12847437,0.57411504,-0.41421044,0.05241088,0.13769878,-0.4145461,-0.2727785,0.12623471,-0.14720128,-0.40185112,-0.1285084,-0.0703353,0.2120836,0.4112544
0.13502693,-1.3494114,1.3952127,2.937361,0.89636505,-1.6741881,-0.4223595,1.6363046,-0.8314355,1.1421214,0.9424475,0.78041816,0.20194474,0.25615966,0.45355105,-0.45703772,0.06222494,-0.08529034,1.4970881,-0.25468752,-0.087131694,0.41205174,0.67445743,0.23668018,1.028747,-0.7670715,0.15345347,0.50725436,0.768042,1.2683798,0.4271645,-0.21506494,-0.46563536,0.1810508,0.94443345,0.48784852,-0.30400956,0.6357176,-0.8388397,-0.3494304,0.8686531,-0.53189474,-0.93556976,0.027704798,0.15847903,-0.32806045,-0.27820086,-0.30011344,0.19865593,0.2352336
0.24041522,1.4301031,-1.1409625,-1.6521833,-0.81393296,0.69730824,-0.21037659,-1.2214519,0.44191217,-0.9398608,-0.93667203,-0.12920807,-0.44235814,-0.5593784,-0.14947091,0.033358306,-0.25288478,-0.14920634,-1.013397,0.63235193,-0.16466434,0.35670963,-0.5616166,-0.31007624,-0.7911285,0.29880503,0.24112244,-0.3856966,-0.5859635,-0.59634405,-0.06531407,0.04605872,0.47783607,-0.001830166,-0.62811977,-0.17560697,0.21717459,-0.49218178,0.2091309,0.1289434,-0.7390213,0.38377154,0.5283519,0.016776217,-0.06425565,0.29250923,-0.002239137,0.10449567,-0.28084818,-0.3165387
-0.22519961,-0.38709927,0.58208954,1.1472049,0.54621464,0.13789764,-0.39012945,0.39434174,-0.26754874,0.31784093,-0.48185107,0.43328547,0.28102988,-0.18780787,0.09734495,-0.14255191,0.052311964,-0.419386,-0.115895286,-0.06201092,-0.03549555,0.20498565,0.0493331,-0.2478828,-0.017704152,-0.21821257,0.12098317,-0.25696465,-0.18457246,0.08248935,0.11986287,-0.04382998,0.1504592,0.053954583,0.31548244,0.08259644,-0.026902236,0.21381222,0.037505463,0.034059167,-0.25374982,0.028436169,-0.10990073,-0.1161652,-0.18765432,-0.12363869,0.09896054,0.08388308,-0.003569554,0.265907
-0.3224072,-0.8681758,0.75810766,2.9732633,0.54221743,-0.4036099,-1.0762818,1.8382921,-1.1651783,1.1306828,0.20310768,0.63934046,-0.3003803,0.417162,-0.2352483,-0.5593086,-0.07777527,-0.302665,1.2495021,-0.36841294,0.072487965,0.20342655,0.561111,0.3240323,1.0070155,-0.445611,0.09158533,-0.059530154,0.6903199,1.1454521,0.62570906,-0.11464814,-0.22047198,0.48123425,0.8480212,0.098971345,-0.22453916,0.5496186,-0.50610507,-0.16507834,0.49642593,-0.3399342,-0.6932162,0.26757678,-0.005900081,-0.3101554,-0.36251524,-0.43442145,0.36493704,0.49573296
-0.4039388,-0.8455558,0.7534807,2.1414351,0.0765778,0.3969448,-0.55237466,0.6348722,-0.57514983,0.51338047,-0.44599792,0.5948883,0.14759211,-0.07552383,0.02954307,-0.3373375,-0.06875584,-0.318641,0.5254841,-0.21181636,0.040530805,0.12274692,-0.034883134,-0.17246383,0.35478726,-0.13537645,0.16673897,-0.22593758,0.006587738,0.14881611,0.19097735,-0.024211083,0.09894128,0.23470616,0.45308334,-0.031375486,0.21773146,0.2598444,-0.06905565,0.09710438,0.08490202,-0.18327025,-0.046448004,-0.109471805,-0.02245729,-0.22342038,0.073698945,-0.040726658,0.16975495,0.25527146
-0.4316177,-0.4184454,-0.049526975,1.1997,0.14620605,0.45243448,-0.68811506,0.40604362,-0.37022117,0.2416799,-0.21674925,0.26988038,-0.6484029,0.33439985,-0.5328944,-0.17453799,-0.33347172,-0.19421935,0.14320946,0.06514168,0.049388427,0.118812665,-0.0780872,0.18028805,0.30640715,0.02542581,-0.018974043,-0.3100149,-0.18863595,0.13515641,0.25182188,0.002361991,0.12174228,0.23041412,-0.03095775,-0.3671982,0.10923033,0.14608848,0.08018788,0.10612594,-0.06430368,0.020204753,0.12689894,0.042711757,-0.11005933,-0.06769591,-0.036923334,-0.13901082,0.1070462,0.13998285
0.54814804,1.5731205,-2.0109417,-2.6922073,-0.8740282,0.3794994,0.17361107,-2.2859042,1.0423038,-1.2780436,-0.41228715,-0.5528048,-0.91402394,-0.35563564,-0.28482288,0.58882254,-0.32345715,0.26582387,-1.1130294,0.43813124,-0.32343537,0.20011085,-0.57225305,-0.32528287,-1.0946946,0.28518128,0.09342781,-0.004804279,-0.6267375,-0.89604837,-0.3718597,0.15714912,0.37280563,0.045222,-0.72054076,-0.265493,0.34653875,-0.57493764,0.3920344,0.1836276,-0.4726714,0.38957208,0.35096517,0.01862646,-0.30791885,0.11369439,0.16459727,0.013999963,-0.4849961,-0.24648249
0.44561577,0.16522273,-0.49144125,-0.43106154,0.11761267,-0.9100642,-0.17086965,0.28606063,0.525694,-0.31950048,0.45232883,-0.12698269,0.1364891,0.047545638,-0.15481117,-0.24851221,-0.13159958,0.17695433,0.44650692,0.2037936,0.030622743,0.10927719,-0.16756909,0.2390365,0.1412771,-0.3604245,-0.16727349,0.34565234,0.20851395,0.35914457,0.09573339,-0.20053129,-0.27005515,0.012101051,-0.1351674,0.19428101,-0.20678665,0.103373654,-0.2249563,0.06432238,0.21109639,-0.10201889,-0.36321542,-0.08396112,-0.13615885,0.06049116,-0.24389926,-0.31686258,0.12910084,-0.05759754
-0.21492082,0.42523336,-0.38088498,0.23746616,-0.48266575,0.6094396,-0.2985595,-0.23952004,0.26880947,-0.28837365,-0.7974276,0.4134797,-0.18993276,-0.3718842,-0.11643643,-0.25325757,-0.10453826,-0.2766397,-0.32092276,0.035118744,0.047753535,0.22151464,-0.35687584,-0.18469138,-0.064795986,0.3487199,0.08615714,-0.48145697,-0.24200793,-0.40293342,0.01494729,-0.048173383,0.3735612,-0.1355718,-0.13010903,-0.30587733,0.3232699,-0.19178146,0.3869562,0.22153518,-0.30885908,0.28567445,0.60110724,-0.050708763,-0.08479816,0.117274605,0.2551927,0.18030314,-0.20367932,0.1214494
-0.60746545,0.97709894,-1.9195056,-0.29181117,-0.9357902,1.5937477,-1.0870806,-0.6860232,-0.290092,-0.45703018,-0.10117695,0.076883584,-1.2570257,0.6321142,-1.1230228,-0.004700009,-0.5526204,-0.20590115,-0.45905507,0.31666133,0.38148355,0.35590142,-0.5143822,0.07309185,-0.2752772,0.6547803,-0.11020368,-0.521768,-0.44707564,-0.43296424,0.066101655,0.16739257,0.53752667,0.50286853,-0.78281003,-0.92529523,0.2634555,-0.25484255,0.366014,0.34190843,-0.43882874,0.27523756,0.5461789,0.25022566,-0.35505444,0.26208618,0.19127044,-0.28256184,-0.074766815,0.018816857
0.39259323,-0.42781165,0.2607233,0.3101404,0.3902739,-0.4253378,0.18938808,0.4550616,0.29560834,0.11615151,0.049063157,-0.093255244,0.32765704,-0.43959916,0.4543232,-0.25967318,-0.08484782,-0.14218844,0.29352722,0.045915984,-0.095929004,0.11307751,-0.12738137,-0.36449087,-0.07116435,-0.2508817,-0.009756014,0.21917032,0.15369081,0.3472686,0.042200845,-0.32559007,-0.18611144,0.06923962,0.40424836,0.3691509,-0.035705812,0.16267462,-0.23584403,-0.13801464,0.24559344,-0.0137787,-0.25182,-0.18281245,0.08024718,-0.18114379,0.050511625,-0.11952984,-0.07949279,0.019433524
0.01481095,0.8269057,-0.52095854,0.42665976,-0.5982193,0.6669015,-0.2899449,-0.64340204,-0.19745001,-0.17576788,-0.77919847,0.33050725,-0.2528206,-0.14354335,-0.12582844,-0.43920806,-0.053752862,-0.48553738,-0.4697948,0.09988074,0.14764792,-0.0540493,-0.30019847,-0.25267786,-0.32853645,0.35671863,0.090521075,-0.7128346,-0.4224865,-0.30062363,0.09377649,0.112818494,0.36502346,0.0657857,-0.07172549,-0.2109995,0.24816298,0.11281372,0.26050648,0.19171222,-0.5887935,0.1606579,0.46927813,-0.1432879,-0.08523906,0.009620689,0.24907157,0.45896688,-0.21908984,0.1348429
-0.8464283,0.1647583,-0.87232995,1.0253569,-0.36221266,1.7953223,-1.4561015,-0.15124477,-0.89019334,0.050381903,-0.539098,0.6077115,-0.9174245,0.30231833,-0.48855385,-0.33416647,-0.34652314,-0.777468,-0.48282668,0.3322802,0.4040639,0.25577208,-0.044203334,-0.14324333,0.17167747,0.6164088,-0.084001556,-0.7619938,-0.5477763,-0.08864026,0.07963382,0.09777498,0.5141656,0.3278813,-0.34327057,-0.6167166,0.23589145,0.1375064,0.17467102,0.56848705,-0.5953312,0.079329774,0.66548187,0.136034,-0.31288636,0.1924486,0.17616162,0.045657914,-0.03519957,0.2424577
-1.592967,-0.59282935,-0.33215803,2.8720615,-0.032444023,2.0869474,-1.4726884,1.3907155,-1.1023794,0.47131371,-0.103849605,0.8050585,-1.1679782,0.7545588,-1.4835505,-0.81716096,-0.6488634,-0.5554344,0.47031647,0.04366398,0.5130067,0.3015802,0.25374514,0.09573597,0.65033764,0.44620642,-0.21265991,-0.75513273,-0.22456916,0.18098573,0.37658304,-0.05140856,0.35530287,0.31574896,-0.24316302,-0.7987219,0.19041039,0.39236018,-0.044732146,0.27364132,-0.04348684,0.17523603,0.2421587,0.21906301,-0.13899077,0.13555673,0.1196673,-0.2593446,0.18399374,0.40137666
0.7415242,-0.32867825,0.9129263,0.8970325,0.13296545,-1.5699288,0.30390462,0.63172257,0.37792817,0.30231735,0.13414589,-0.1700398,0.6536947,-0.39198744,0.7107776,-0.17118059,0.45950526,-0.18253812,0.6313772,-0.25661045,-0.28281492,0.035537176,-0.050349798,0.13036159,0.13379872,-0.54380405,0.12956734,0.38634643,0.48837444,0.6596596,0.118191384,-0.3435482,-0.44796115,-0.04996699,0.36181355,0.49904114,-0.2372432,0.3846951,-0.3410644,-0.2660004,0.48933542,-0.34449252,-0.559399,-0.05119513,0.062427446,-0.33164054,-0.3144802,-0.15291911,0.09595561,-0.094173685
-0.42788854,-0.44463387,0.7948702,2.4879005,0.16991983,0.06530595,-0.20454508,0.95442015,-1.0014709,0.8828497,-0.3788032,0.6256437,0.01859551,0.07313034,-0.013208855,-0.4570231,-0.34292048,-0.2585661,0.49451476,-0.09172431,0.048905622,0.19129227,0.19311124,0.047641322,0.41857034,-0.015175384,-0.05279757,-0.5189283,0.041701876,0.4559083,0.27502352,-0.20661771,0.10664113,0.069617376,0.46601358,-0.046475314,-0.012902783,0.44678786,-0.07495201,-0.18669906,0.1999039,0.04506971,-0.26870927,-0.01662128,0.03788272,-0.27470326,-0.06890589,-0.20425859,0.1623805,0.3168523
-0.82135516,-0.070885785,-0.100166306,2.02181,-0.07292178,1.242452,-1.2974378,0.5600712,-1.1967158,0.41242,-0.85954034,0.8676388,-0.03578138,-0.16967262,-0.18747878,-0.5697094,-0.20367953,-0.63861406,-0.055597756,-0.26098385,0.3775426,0.05742795,-0.005317655,-0.28499222,0.22598921,0.3600776,0.3695708,-0.7859293,-0.39009002,0.1489908,0.09078066,0.12150843,0.56223077,0.26175776,0.028592605,-0.48008657,0.1806832,0.28575304,0.1708605,0.20957363,-0.5248446,0.04784258,0.47450823,-0.007332586,-0.028325971,-0.134649,0.05276174,0.2650455,0.010978016,0.24922471
0.17391671,-0.17436454,-0.1100081,-0.28465387,-0.36281055,-0.63879544,0.3777001,0.099746235,0.24533361,0.05167188,-0.20734951,0.063246235,0.41447973,-0.29168123,0.26281682,-0.37738466,-0.067717046,0.07821885,-0.10334738,-0.15272814,-0.14909393,-0.08569425,-0.13611919,-0.28621858,0.016222734,0.07553105,0.072616175,-0.4315573,0.03533729,-0.006684147,0.18348178,-0.1666456,0.19425869,-0.17059559,0.13472281,0.11201099,0.008392938,0.16152377,0.1523575,0.005602929,-0.07344182,0.18659237,-0.18337306,-0.00513193,0.07936351,-0.065185405,-0.09667068,0.15053016,-0.023975948,0.16269884
-0.1274218,-0.5509449,0.8958517,2.6638682,0.46759057,-0.60482436,-0.7885517,1.176353,-0.8324502,1.1052542,0.108622015,0.41451925,0.21662928,0.45622626,0.12611735,-0.46530217,0.22508082,-0.43482608,1.0560777,-0.34634376,0.034686852,-0.058459513,0.45321113,0.36208946,0.6144588,-0.27213803,-0.1568017,-0.046740882,0.3769244,0.63274664,0.4437544,-0.034468785,-0.20092088,0.35465527,0.65113866,0.2115292,-0.06978313,0.37944403,-0.45147762,-0.106720164,0.4813252,-0.20166802,-0.5271517,-0.002008854,0.062840804,-0.18726613,-0.27300933,-0.2760566,0.2609535,0.23672171
0.27626428,1.2160926,-0.4729812,-1.5262656,-0.41628918,0.02799413,0.42369252,-1.2774471,0.5331931,-0.655531,-0.7917222,-0.5900043,-0.1065014,-0.35185474,0.18617973,-0.13690512,-0.35942173,-0.24437529,-0.9366074,0.24798495,0.097157404,-0.22465546,-0.6377094,-0.3666688,-0.6441275,0.5682824,0.17634143,-0.55230117,-0.46964973,-0.67552984,-0.16195701,-0.12140674,0.38479432,-0.09146004,-0.3699494,-0.49285376,0.19257416,-0.39047372,0.45840988,0.16696829,-0.5309256,0.28414768,0.36506203,-0.2376197,-0.2301502,0.09481959,0.15244287,0.30527967,-0.26582053,-0.1309901
0.24706212,-0.29796386,0.035542075,0.3254661,-0.001197666,-0.45047632,0.2104751,0.27530286,0.15080354,-0.10021962,0.051015683,0.13845626,0.14575398,-0.09059985,0.06683023,-0.21830618,-0.09056895,0.12999117,0.15877621,0.077760056,0.1490435,0.2061449,-0.2863774,0.062374562,0.29366627,-0.20841101,-0.11458872,-0.100772485,0.1971329,0.34856278,-0.028337501,-0.2576715,-0.14172041,0.20699047,0.08205528,0.14539227,-0.18014044,0.07520591,-0.39583877,-0.16147476,-0.035851084,-0.11845647,-0.34312108,-0.11301617,-0.038226444,-0.103550866,-0.037825488,-0.08039493,-0.04974855,-0.05573708
-0.79345393,-0.07487276,-0.6173765,0.16164353,-0.12396729,1.4061606,-0.5388986,-0.39142707,-0.26182115,-0.39154565,-0.55848294,0.40716887,-0.6365245,-0.49465236,-0.41528603,-0.18553552,-0.4541291,-0.21589552,-0.9118836,0.24550083,0.36975452,-0.000832732,-0.51329887,-0.38437966,-0.28829676,0.83805376,0.03327623,-0.754101,-0.53312784,-0.48111942,-0.12981308,0.20720625,0.5844471,0.2913949,-0.560472,-0.64338577,0.4411141,-0.17492999,0.3548596,0.27242944,-0.6009485,0.2228424,0.7521196,-0.08972169,-0.22356756,0.027272996,0.29614463,0.17652658,-0.23777738,0.072739534
-0.3284478,0.073704496,-0.35532722,-0.5067464,-0.12701103,0.9020223,-0.34049025,-0.56313884,-0.04622373,-0.23751815,-0.65349174,0.12281405,-0.25390074,-0.10751735,-0.08729817,-0.07931143,-0.23824315,-0.35145134,-0.7095165,0.16342536,0.34903887,0.43078318,-0.42172498,-0.33107796,-0.4420731,0.30333328,0.15983312,-0.57610947,-0.57632,-0.4073382,0.029285075,0.157075,0.30643147,-0.087279074,-0.33685604,-0.35448453,0.24475509,-0.17906685,0.27893534,0.16218174,-0.52786785,0.30439648,0.1534217,-0.015799396,-0.12882636,0.06909105,0.107931115,0.20635262,-0.19287364,-0.022806702
-0.69703543,0.7723763,-1.7392186,-1.1237308,-1.0513917,1.989815,-0.9246465,-1.7609121,-0.6322965,-0.35568804,-0.85669,-0.19715762,-1.1020956,0.1979681,-0.8693057,-0.006553154,-0.4247718,-0.28230885,-1.633802,0.25627536,0.15147114,0.26163694,-0.6719406,-0.28047892,-0.22162807,1.1608713,0.029698877,-0.88365346,-0.93461263,-1.2903597,0.1311077,0.3664771,0.8421545,0.05227293,-0.90788245,-0.6833174,0.32082924,-0.5880524,0.8146818,0.27751148,-0.78897166,0.61905074,0.72715527,0.09896142,-0.3148361,0.3755091,0.22681157,0.40834042,-0.3110653,0.11609915
0.069602996,0.5169747,-0.93165123,-0.19712654,-0.45919487,0.3366357,-0.19603173,-0.4512242,0.3639235,-0.25566038,-0.64259505,-0.20526691,-0.53877944,-0.08486088,-0.16357474,-0.020685023,-0.19128235,-0.19636166,-0.24355075,0.065980546,0.19448419,0.04761367,-0.35676935,-0.059071336,-0.3932333,0.38102093,0.09231908,-0.1419636,-0.19318958,-0.21977425,-0.15444955,0.09678517,0.21759205,0.14889736,-0.18618602,-0.21218142,0.18682687,-0.3286985,0.31249574,0.05084232,-0.19058491,0.29367647,0.3328373,-0.026109068,-0.25705063,0.064473756,0.14803174,0.15354198,-0.20087093,-0.23579454
-0.28952327,-0.13172215,-0.49520153,-0.001045778,-0.07372074,0.6769479,-0.5194209,-0.1677762,-0.19185853,0.003123552,-0.5069225,0.31783253,-0.17005673,-0.30484095,-0.080494076,-0.10129596,-0.25527704,-0.20106727,-0.41466597,0.28192908,0.29430234,0.08890462,-0.439107,-0.31214297,0.02175568,0.303335,-0.059605047,-0.31709063,-0.22493128,-0.20990351,0.07387731,-0.000914851,0.14233391,0.12956679,-0.08264472,-0.21821325,0.31368917,-0.069316134,0.15784715,0.10360382,-0.2180477,0.13802394,0.25329164,-0.09658884,-0.28688693,0.032036807,0.07730907,-0.08649431,0.009141763,0.007839054
-0.7726688,0.20114082,-0.67826355,0.51721144,-0.5262719,1.5804551,-1.2664667,-0.5243647,-0.41454476,-0.23954056,-0.79831976,0.461358,-0.84547,-0.0924929,-0.41242173,-0.17732078,-0.042844545,-0.30305615,-0.54744285,0.2225971,0.23409607,0.22845021,-0.42370808,-0.2527488,-0.25828847,0.43150595,0.034556784,-0.62091875,-0.59902453,-0.5476324,0.17082031,0.1409289,0.50053525,0.33333293,-0.25210133,-0.6297219,0.503955,-0.17157197,0.49313626,0.18719469,-0.5671308,0.31255805,0.69931513,-0.006663835,-0.15239477,0.24510922,0.33576134,0.15037191,-0.19955666,0.17678823
-1.0179248,0.29949367,-0.47962475,0.8733161,-0.5547021,1.8673382,-1.3863568,-0.49416494,-0.6141047,0.09046206,-0.55548966,0.4508559,-0.818189,0.04538971,-0.80849963,-0.3705838,-0.45266932,-0.33304673,-0.6492836,0.07327668,0.23066512,0.27729803,-0.27321956,-0.19409508,-0.04832788,0.37189943,-0.069586374,-0.85607433,-0.6762373,-0.47730795,0.092961594,0.23550358,0.6666491,0.16758958,-0.4363623,-0.7257784,0.3759271,-0.12032836,0.5322683,0.32141292,-0.738294,0.42937672,0.6816214,0.10428865,-0.19658197,0.24609375,0.27949634,0.016762212,-0.18716085,0.24609701
-0.24685672,0.26502126,-0.6223831,0.91009384,-0.11320071,0.7023425,-0.7087105,-0.15686128,-0.14936976,0.055884235,-0.33315498,0.33005935,-0.59078765,0.04278703,-0.29487056,-0.29314142,-0.056242928,-0.3683384,0.045149982,0.259797,0.21432912,0.22346658,-0.18291129,-0.07850903,0.07183166,-0.036540683,0.01534757,-0.29131788,-0.28293344,0.10533988,0.14130242,0.093617395,0.35413897,0.14585216,-0.07335512,-0.35328507,0.09183208,0.12737498,0.046855427,0.21330747,-0.105720565,-0.021945223,0.12035247,-0.003011763,-0.23669246,0.069425955,-0.007112034,0.033258185,0.04946634,0.09281767
0.22467819,-0.48358867,0.34623566,1.4523226,0.55029434,-0.52549416,-0.09467209,0.5734149,-0.09985401,0.26675338,-0.066393,0.22988063,0.053001687,-0.35137275,0.05447848,-0.16215539,-0.04076532,-0.060941912,0.32588625,-0.06430351,0.10420504,0.17644463,0.08031351,-0.06034481,0.25590065,-0.27018207,0.07973955,0.12909722,0.060666192,0.3530078,0.24328941,-0.12792757,-0.16822445,0.19244586,0.5661731,0.14292063,-0.12745516,0.32680386,-0.26259843,-0.19791296,0.1680798,-0.14153995,-0.46704733,-0.069751024,0.028977267,-0.32062724,0.054831695,-0.103307486,-0.11554868,0.1523325
-0.70791394,0.28510794,-0.5647708,0.664437,-0.44892052,1.4783149,-1.2928609,0.04592278,-0.6357792,-0.003407434,-0.2412925,0.5928061,-1.05555,0.4525226,-0.87641114,-0.055527367,-0.42038924,-0.3819552,-0.30293858,0.12663668,0.12670627,0.17898281,-0.11645089,-0.033036157,0.13322105,0.20557088,-0.06953445,-0.52084094,-0.5721985,-0.18121256,0.14390036,0.14391838,0.40383416,0.26149437,-0.40920758,-0.70030814,0.24439523,-0.000346762,0.1765105,0.17839627,-0.34184718,0.1577381,0.35805863,0.16064715,-0.2735361,0.20016171,-0.01846478,-0.19257265,0.04210621,0.09244491
-0.225762,-0.47434777,0.4015284,1.2583494,0.14918049,0.52878195,-0.7838812,0.23307943,-0.36404577,0.13906327,-0.94960415,0.64569616,0.22480544,-0.5148619,0.5311152,-0.58607095,-0.08433171,-0.4973542,-0.17014697,-0.15147838,0.22641014,0.027105615,-0.17608681,-0.37872356,0.17094901,0.079599075,0.1103808,-0.6647009,-0.096296735,-0.09618344,0.104654945,-0.07865536,0.48236525,0.120804496,0.21530163,-0.3660112,0.28891936,0.265848,0.13715781,0.10975319,-0.32103863,-0.16683187,0.35068655,-0.2085577,0.000663418,-0.23958614,0.18014166,0.2528622,-0.029507857,0.003464161
-0.58613783,0.64396334,-1.286113,-1.7994773,-0.39412743,0.7932075,-0.44465482,-0.8843539,0.63467896,-0.5765575,0.08047484,-0.14383592,-0.49913827,-0.2898391,-0.61715084,0.25026727,-0.6545438,0.17584771,-0.88415754,0.52643,0.43033594,0.49314886,-0.63869864,-0.1669764,-0.4887338,0.70546573,-0.03299754,-0.44958895,-0.522241,-0.5995852,-0.07783388,0.175839,0.54964775,0.3485227,-0.9007505,-0.65233314,0.3042298,-0.4698805,0.5355306,0.14455341,-0.27879223,0.5109723,0.5199281,0.09038747,-0.38075572,0.3450264,0.17025742,-0.08770829,-0.13658582,-0.056465484
-1.108032,0.004425764,-1.0617617,1.4778669,0.08088969,1.4253745,-1.6492453,0.494566,-1.3900876,0.6144353,-0.98795325,0.93881565,-0.45064473,0.004762263,-0.2403267,-1.1041743,-0.15073837,-0.7088714,-0.32261783,0.2024808,0.760876,0.02641471,-0.22311722,-0.17107368,0.57781917,0.5096137,0.12812833,-1.1585244,-0.14807409,-0.23069522,0.10151294,0.13953972,0.6798452,0.19850345,-0.07288739,-0.7291183,0.0509148,0.14939529,0.052445352,0.4189036,-0.3268149,-0.05103966,0.5026786,-0.008071817,-0.18960756,0.011324596,-0.16732904,0.1723071,0.045439485,0.344194
-0.6322838,-0.10558917,-0.43197563,-0.12557101,-0.2501825,1.3051689,-0.7553989,-0.8204275,-0.38542104,-0.3284275,-0.8432413,0.27196652,-0.3667024,-0.40085116,-0.19074374,-0.083192244,-0.041823175,-0.45257518,-0.92184746,0.39743468,0.25830552,0.13643828,-0.45976344,-0.31786942,-0.30070376,0.40982676,0.20655572,-0.96056837,-0.786299,-0.73882926,-0.059429932,0.30690613,0.5502967,0.2720243,-0.14463823,-0.39796367,0.41328257,-0.26916057,0.5419706,0.2937672,-0.5544893,0.3298276,0.46430552,-0.03293837,-0.2122588,0.13790396,0.3529745,0.31027603,-0.16997056,0.11267927
1.3031883,0.8313988,-1.4469883,-4.162567,-0.2888163,-1.6048677,1.4296478,-3.4361482,1.5897479,-1.5409608,-0.16618294,-0.8834298,-0.6784999,-1.1790847,0.30644244,1.1524116,0.3387583,0.69132406,-1.5505816,0.2136566,-0.62232345,0.26610875,-1.0380578,-0.6235172,-1.466159,0.22230208,0.2225851,0.039570913,-0.5977888,-1.1849328,-0.3034759,0.42289847,0.026355961,-0.069398016,-0.64552873,0.023093684,0.5346658,-0.7862338,0.44721937,-0.17513971,-0.66740876,0.5256165,0.21934503,-0.15490751,-0.27501106,0.20479912,0.11309542,0.3084588,-0.55151683,-0.7758705
-0.38462937,0.43204173,-0.68228763,-1.0981935,-0.6600984,1.1782691,-0.5743397,-1.1292288,0.24663058,-0.52806085,-0.6309461,-0.023475789,-0.7331999,-0.4989208,-0.19741942,0.260063,-0.34965345,0.06477983,-0.9005943,-0.007862072,-0.021728367,0.39898235,-0.60500956,-0.2772497,-0.69598466,0.30779797,0.10834477,-0.31697828,-0.9541634,-0.8229731,-0.24497537,0.06334474,0.5937185,0.17999919,-0.593034,-0.5878057,0.36868292,-0.3753089,0.4978242,0.21302727,-0.49326825,0.5757316,0.57940865,-0.02850904,-0.31882983,0.26069075,0.27655315,0.21351337,-0.3633937,-0.16593657
-0.7021885,0.14303519,-0.6300529,0.7901892,-0.07116179,0.87350786,-1.2717242,0.0970086,-1.1104158,0.15947288,-0.9447633,0.698457,0.2607939,-0.023200665,-0.0641664,-0.636062,-0.040497422,-0.5178462,-0.5190357,0.28303164,0.652282,0.023780674,-0.18124585,-0.07806565,0.1926892,0.44393462,0.014444351,-0.6942193,-0.33187395,-0.1655966,-0.003697284,0.17818482,0.5328442,-0.038597185,-0.040285528,-0.41993648,0.002420388,0.20503911,0.0661494,0.14798073,-0.48157492,0.13152501,0.2911111,-0.03498954,-0.22236753,0.14927864,-0.059196524,0.30688184,-0.036226265,0.1438605
-0.13000512,0.5556178,-1.1513346,-1.7086215,-0.45316446,0.4460092,-0.3737722,-1.6667165,0.25933385,-0.4603644,-0.10255988,-0.19751081,-0.9633305,-0.07462603,-0.5054563,0.49682462,-0.15778595,0.41764262,-0.6763394,0.2948991,-0.08257197,0.29593414,-0.8523228,-0.27505466,-0.5892743,0.4337108,0.09464737,-0.4054969,-0.48885185,-0.6509286,-0.1647808,0.31678352,0.40044522,0.2776334,-0.7138593,-0.5897214,0.29482722,-0.5951561,0.5045747,0.21586691,-0.50183034,0.42270085,0.6143907,0.074769765,-0.44748935,0.35791582,0.06811515,-0.06673536,-0.32561058,-0.32714346
0.4972356,0.542011,-0.2693022,-1.1525825,-0.18798685,-0.9809164,0.62535053,-0.11088176,0.9179175,-0.1994228,0.4998579,-0.4673801,0.17010063,-0.16560599,-0.003416002,-0.016689887,-0.11984183,0.38488933,-0.022642858,0.29195893,-0.06437458,0.26831862,-0.2066786,-0.14785528,0.021858186,-0.004064947,0.028608631,0.25371605,0.005561497,0.16018379,-0.14530785,-0.28788912,-0.17943995,-0.35788247,-0.26841944,0.13392535,-0.36822614,-0.14103909,-0.068951085,-0.002838752,0.12411938,0.118123114,-0.19698368,-0.24628007,0.03601269,0.13138151,-0.1339708,0.009758094,-0.05934147,-0.016853891
1.5915121,1.4989893,-1.0721753,-3.6457584,-0.32787082,-1.8726317,1.4038465,-3.0272043,1.6275373,-1.8798947,-0.2164818,-0.89953524,0.28058937,-1.1800784,1.1500609,0.65356183,0.36199936,0.7240786,-1.0747069,0.62430346,-0.5974104,0.27353334,-1.3543965,-0.40174693,-1.2917342,-0.21631353,0.22744909,0.39752954,-0.26326677,-0.83912414,-0.4076105,0.050204344,-0.08994706,0.026539106,-0.47678325,0.7208134,0.002270855,-0.60799813,-0.065450035,-0.13309936,-0.2953204,0.29398972,0.03838668,-0.47245532,-0.20137307,0.2635714,0.07826019,0.396911,-0.7489525,-0.9547457
-0.31143266,1.8557916,-2.2089064,-2.105367,-1.4066449,1.6936966,-0.78106844,-2.359092,-0.29737395,-0.9237475,-1.0174614,-0.46763,-1.332559,-0.17463,-0.7174197,0.33427966,-0.10252957,-0.07360666,-1.8255306,0.1647699,-0.05658607,0.41011697,-0.9849097,-0.35987425,-0.8317468,1.0626848,0.09265163,-0.94595474,-1.013426,-1.4306891,-0.20997643,0.2871314,0.76480657,0.20429993,-1.145774,-0.89645594,0.7341542,-0.6677442,0.78472304,0.3499621,-1.0208144,0.5953877,0.9569703,0.15076241,-0.21289732,0.6217745,0.40827727,0.2197865,-0.39263743,-0.24588649
-0.070082165,0.407974,-0.5326923,-0.51586986,-0.23693681,0.23154373,-0.16966525,-0.32024938,-0.011808425,-0.08751316,-0.25091484,-0.025566198,-0.099610135,-0.113592304,-0.16613129,-0.022967856,-0.16106749,-0.11977251,-0.42380312,0.13745955,0.23731506,-0.072834775,-0.38125867,-0.09195134,-0.18688211,0.4087973,-0.04711871,-0.36836565,-0.27723074,-0.18786684,-0.13958728,-0.045706555,0.092373006,0.2515958,-0.24619347,-0.29486394,0.17588475,-0.2142495,0.09236564,0.21940272,-0.25259408,0.22282277,0.21718523,-0.02278195,-0.15040629,0.121585384,-0.01169711,0.014240906,-0.012885004,0.042229567
-0.5448679,-1.2714504,0.50666004,2.3358421,0.6255446,0.016733095,-0.86048603,1.5126523,-0.80428195,0.85366,0.07925826,0.6717888,-0.093123555,0.45923224,-0.37625387,-0.67099714,-0.25499868,-0.2793918,0.968244,-0.13578829,0.33624136,0.09753838,0.2175476,0.19562928,0.8233257,-0.036592644,0.042692993,-0.3478234,0.28549284,0.55621046,0.38066763,-0.109189205,-0.12872486,0.3912557,0.2921948,-0.2831075,0.006286703,0.3129346,-0.37531227,0.059536345,0.35147297,-0.3664461,-0.19252166,-0.08096528,-0.110851504,-0.1527756,-0.2250748,-0.3487249,0.37599567,0.37316278
-0.2002722,0.91851676,-1.3302393,-1.6969627,-0.9073121,1.3039566,-0.15476705,-1.147575,0.22564796,-0.95489895,-0.7823483,-0.15670761,-0.9365229,-0.027604282,-0.3543423,0.23621967,-0.44086727,0.031501994,-0.910487,0.27366012,-0.009382902,0.107003175,-0.6107129,-0.07948906,-0.5862023,0.70117927,0.13327909,-0.40575302,-0.79855365,-0.7259696,-0.26190868,0.13250113,0.64947754,0.13127649,-0.49015638,-0.43936625,0.15652414,-0.6075441,0.534867,0.2494575,-0.5862011,0.32850638,0.70923436,0.011226068,-0.3493084,0.3259047,0.11501913,0.097798124,-0.32448387,-0.004573277
1.7644581,0.28181347,-0.50627685,-3.0055006,0.20232509,-3.0249412,1.2837778,-2.3111308,1.7876725,-1.2839465,-0.08065368,-0.65685403,0.34590077,-0.8638971,0.9129283,0.43085414,0.29215,0.60453045,-0.564966,0.45511627,-0.58201003,0.19900182,-0.8198765,-0.36390293,-1.166679,-0.44147298,0.02099565,0.8214756,-0.004165135,-0.20917454,-0.5819813,0.09066044,-0.2868774,-0.17548989,-0.4772641,0.70050496,-0.28969005,-0.28937778,-0.28647268,-0.21744865,0.12588498,-0.06658553,-0.4567492,-0.39303327,-0.31729275,-0.07111161,-0.29583704,-0.061433006,-0.4633334,-0.8051562
0.12735686,-0.22284263,0.05716124,0.3348922,-0.08258114,-0.17004581,-0.055820033,-0.000204846,0.3172608,-0.326845,-0.28083912,0.23425886,0.043076,-0.3890461,0.3460816,-0.010194197,-0.000514325,-0.17139252,0.017664932,0.15030973,-0.095642254,0.17699312,-0.23213023,-0.25349993,-0.25360516,-0.3034242,0.1196222,0.11714817,-0.10317487,0.16581285,0.09811852,-0.06026643,0.1580594,-0.09367779,0.19167396,0.15222721,-0.13154875,-0.021956198,0.08003394,-0.08139226,-0.014157131,-0.033718906,0.087646656,-0.0989427,0.022217367,-0.035855077,0.10652225,0.051383402,-0.013087675,-0.010159771
-0.14691049,0.5882807,-0.9131142,-1.4355961,-0.6899803,1.0110046,-0.09934774,-1.1673148,0.25603095,-0.5575059,-0.46032923,-0.110665,-0.4612715,0.12412591,-0.4709385,0.025120858,-0.23552743,-0.30202687,-0.9441357,0.27279142,-0.004159618,0.12490143,-0.70760643,-0.24643034,-0.24576233,0.5717262,-0.0950837,-0.7277154,-0.715439,-0.6933867,-0.06199834,-0.004890944,0.5127885,-0.17469566,-0.5085802,-0.26401687,0.22560546,-0.5249175,0.39749533,0.14650069,-0.6033429,0.40863523,0.42240235,0.027122779,-0.106008664,0.32190594,0.08363648,0.3561064,-0.29788464,0.1097454
0.4685806,-0.003593057,-1.1880758,-1.1420726,0.1444545,-1.1315813,0.6849884,-0.5422354,0.70185554,-0.78726125,0.30349872,-0.4030342,-0.0720913,-0.18719439,0.05326477,-0.06108459,-0.33854923,0.58278334,0.1444413,0.34161294,0.2916511,0.3869817,-0.7372157,0.08247859,-0.42051998,-0.062230676,0.2774192,0.3724982,0.21561295,-0.003940165,0.17553772,-0.36868978,-0.08428763,0.060256474,-0.5080419,0.07957388,-0.31903988,-0.32207948,-0.10138154,0.1565736,-0.04857944,-0.08893659,0.02194418,-0.2059873,-0.18783866,0.09766304,-0.23177522,-0.35282636,-0.04864128,-0.22045746
0.24758267,0.9856867,-0.84426767,-1.085744,-0.51704043,0.20727266,-0.16898572,-1.3602675,0.2915495,-0.5930486,-0.7339779,0.012389898,-0.4521732,-0.21998596,0.003777251,0.10239713,0.04471895,-0.023306794,-0.7272711,0.14171068,-0.21548766,0.14623705,-0.67133456,-0.42503613,-0.50362253,0.29471806,0.024391236,-0.29470405,-0.4302027,-0.6189879,-0.09806679,0.39889193,0.31301585,0.04970055,-0.22578724,-0.15864031,0.33232352,-0.18190566,0.24271046,0.1528428,-0.5963383,0.20340022,0.3831904,-0.09334432,-0.24287166,0.27165243,0.097352706,0.07942736,-0.20891403,-0.20819502
-0.5869975,-1.3052897,0.87812024,3.2971249,0.9229768,-0.1335642,-1.1862189,2.4027576,-1.5534576,1.5218873,0.58607537,0.71360576,0.061484516,0.7145674,-0.115215845,-0.94741964,0.07813698,-0.61891675,1.6115785,-0.20914647,0.5748458,0.080984026,0.7031501,0.26438507,1.2421169,-0.24675867,-0.025919955,-0.2748329,0.44184768,1.0357906,0.7345843,-0.38924652,-0.292353,0.49698934,0.6777934,-0.29498866,-0.24317586,0.53340733,-0.6825808,0.1041746,0.6697988,-0.3593475,-0.47343293,0.06504078,-0.18865989,-0.2961632,-0.21191025,-0.41922873,0.6458702,0.40561324
-0.30794385,0.23552343,-0.3477291,1.5103484,0.10647869,0.43292534,-1.4913025,0.63093513,-1.3850126,0.6059215,-0.42313343,0.6451286,-0.25831217,0.33057514,-0.24975693,-0.5450289,-0.07539691,-0.4952414,0.415341,-0.00626511,0.40968916,0.083923504,0.1921507,-0.08126286,0.5364645,0.096282065,-0.1363431,-0.5811211,0.05512056,0.49400812,0.30322608,-0.20585948,0.3061635,0.071459875,0.47349018,-0.27199984,0.22515954,0.41342717,-0.41665867,0.18297315,-0.09783086,-0.10388434,-0.08338506,0.08728495,0.10072486,-0.083369896,-0.22528937,-0.26757327,0.14900835,0.3519601
1.0913702,0.59303904,-0.73786855,-2.3798988,-0.5888095,-1.3417394,0.5331971,-2.429635,1.1549164,-1.2737197,-0.4686495,-0.33713663,-0.0794002,-0.8261511,0.6645986,0.36419034,0.23648335,0.6432419,-1.1240145,0.26619598,-0.40823516,0.21707296,-0.9562513,-0.4743383,-1.0226092,-0.1308812,0.008736417,0.37386325,-0.15082611,-0.60947174,-0.43998262,0.24585354,-0.060996797,-0.092317715,-0.24884106,0.23254806,0.16493908,-0.42225155,0.21332316,-0.017828044,-0.28609025,0.24501744,0.030708177,-0.34412685,-0.24288306,0.023034114,-0.071459785,0.16236995,-0.51709193,-0.4880021
-0.58469474,0.43373004,-1.4691737,-0.08924167,-0.300692,1.7118678,-1.4878091,-0.53507423,-0.5954684,-0.23744786,-0.43235618,0.7829342,-0.9164746,0.10991526,-0.7902245,-0.24817452,-0.51111233,-0.10367578,-0.57929146,0.46644098,0.35854644,-0.16315165,-0.4323438,-0.22165713,0.13990203,0.26992732,-0.12488553,-0.7124818,-0.6726203,-0.34363618,-0.017006816,0.21473041,0.6593199,0.17236115,-0.69500685,-0.68217653,0.2526259,0.025142727,0.18788251,0.40077594,-0.405053,0.2402823,0.56191707,-0.03699058,-0.1557132,0.27324292,-0.01535455,-0.039907012,-0.084098615,0.1338397
-1.114968,-0.5841257,0.6176475,3.8611562,0.5915643,1.1174016,-1.4568889,1.9408839,-1.5043179,1.4339616,-0.1111197,1.0708649,-0.43372205,0.4285761,-0.6445105,-0.98657024,-0.13291731,-0.7107641,1.17904,-0.5292368,0.27212876,0.01025752,0.4385257,0.23257712,0.9732536,-0.083086394,-0.07919411,-0.65189624,0.13991563,1.0084968,0.6118935,-0.11580675,0.24134748,0.4717921,0.6557981,-0.45680073,0.17009728,0.5302997,-0.28560525,0.11183962,0.06476347,-0.08721271,-0.01930968,0.23274328,0.1125985,-0.1138202,-0.090608686,-0.24230552,0.3143823,0.6377907
-0.046146527,-0.41485527,0.48605853,2.248539,0.4963897,-0.37983856,-0.5269143,0.9914266,-0.3821393,0.36093476,0.6023767,0.5865142,-0.3666596,0.15518436,-0.038880188,-0.5748616,-0.2692083,-0.50942785,0.94513524,-0.02080698,0.12761588,0.2574287,0.17753963,0.30413005,0.51851314,-0.46860725,-0.21387663,0.09848297,0.29157132,0.71390814,0.39508304,-0.25098336,-0.20010327,0.27557647,0.45594305,0.2142236,-0.28273138,0.29518914,-0.29453275,-0.029918117,0.3389073,-0.45138073,-0.36769265,-0.021408087,-0.041519083,-0.2235897,-0.20817901,-0.38242453,0.19706188,0.08981304
-0.60506594,-0.11421314,0.12717791,1.8055077,0.085757285,0.8332846,-1.3346908,0.5022481,-0.7055645,0.2477136,0.1199274,0.83134884,-0.6382059,0.23722085,-0.6533381,-0.5069243,-0.036710605,-0.3268514,0.3259701,0.17075592,0.14242081,0.1293155,-0.012557399,-0.055201475,0.33801237,0.027700907,-0.12870552,-0.47344333,-0.29246068,0.27217183,0.26558325,0.0764409,0.11040352,0.31004387,-0.041961398,-0.41153845,0.15285015,0.19143167,0.001037146,0.16253625,-0.14626393,-0.13163318,0.062910184,-0.09266314,-0.09698881,-0.044367462,-0.07623108,-0.19229086,0.19101775,0.21564105
0.22575098,-0.25813204,0.09284963,1.0256852,0.38562742,-0.5380349,-0.151227,0.8287604,-0.3447886,0.22403684,0.33036938,0.41744885,0.2300053,0.076355055,0.22979882,-0.40080643,0.01713141,-0.13436124,0.6900447,-0.042444665,0.2987188,0.12475337,0.2510618,0.18103684,0.46325636,-0.34800893,-0.2223588,-0.039981686,0.45968765,0.80867547,0.094207495,-0.17330563,-0.23026566,0.059984297,0.42703697,0.16475399,-0.3895698,0.26152325,-0.47646344,-0.09812469,0.28783637,-0.22202198,-0.55542123,-0.02452834,-0.009061157,-0.057009947,-0.24950871,-0.22044984,0.16624077,0.060411375
-0.48416188,-0.07109526,-0.50079495,0.12181694,-0.21069707,0.91836387,-0.5400979,-0.26555586,-0.24611677,-0.24662684,-0.40899283,0.47833937,-0.4361726,0.048248038,-0.3505787,-0.028666113,-0.46384636,0.056630775,-0.11118668,0.31676093,0.45231166,0.15678497,-0.45605272,-0.30141383,-0.11911781,0.29755247,0.10896609,-0.3379216,-0.40364838,-0.32707465,0.029658485,0.09172903,0.4177146,0.18496086,-0.32384282,-0.38954046,0.13314776,-0.11300288,0.23270313,0.19948284,-0.22146145,0.05082161,0.4341102,-0.09022615,-0.2351952,0.08607818,0.1647079,0.004152633,-0.082231134,-0.07039154
-0.60365003,-0.6294253,1.1187625,2.6094496,0.47486737,0.21148646,-0.62063825,1.1417973,-0.6963326,0.78317916,-0.39871725,0.6437179,0.08907236,0.05202244,0.050296113,-0.79165006,-0.117898315,-0.39165866,0.41549844,-0.13846308,0.1691754,0.14660601,0.22303571,-0.000689167,0.51835054,-0.14562818,0.034948893,-0.2436063,0.026784165,0.45492244,0.2237065,-0.0872433,0.17020161,0.21245088,0.45048183,-0.08777323,0.1444709,0.37440562,-0.035521228,0.060846586,-0.001725569,-0.13770719,-0.08284262,-0.08563697,0.006465655,-0.23129788,-0.014032705,-0.09586697,0.06460323,0.20874268
0.25795418,-0.6193275,0.48642975,1.6959015,0.45870364,-0.96765107,-0.19866668,1.096626,-0.2114566,0.57955486,0.36916858,0.24116585,0.03682065,0.28104156,0.29567826,-0.5479591,-0.06250514,-0.25431147,1.3924375,-0.2951943,-0.17693742,0.2033178,0.33794355,0.2346542,0.6031964,-0.5360089,-0.10526546,0.057936788,0.6473604,0.7823206,0.34593636,-0.1427555,-0.56848776,0.09453985,0.5396944,0.24198015,-0.4201067,0.4332315,-0.42251128,-0.27132487,0.48530793,-0.13578804,-0.55227816,-0.03249181,-0.026049161,-0.13993992,-0.34367272,-0.4498182,0.28393614,-0.07344601
-0.7047553,-1.3580991,1.0120142,3.4524581,0.93513703,-0.38848552,-0.696328,1.4957527,-1.2958909,1.3233553,0.4297853,0.69962364,0.13166204,0.18602106,-0.021632522,-0.74425435,-0.07054908,-0.18999645,1.1328001,-0.34969074,0.047867052,0.11613983,0.23532432,0.21089587,0.5707377,-0.3990104,0.22817726,0.09043474,0.514087,0.6913383,0.46846834,-0.28841373,-0.19350639,0.45869562,0.6436429,0.08402587,-0.044004988,0.538469,-0.40260115,-0.15490973,0.658901,-0.27977237,-0.33637053,0.19013743,0.18215886,-0.3119677,-0.09328511,-0.18875423,0.2214878,0.29870546
-0.76161516,0.7955304,-1.5513284,-0.8478031,-1.2071645,2.1015153,-1.0885342,-1.4433652,-0.42866546,-0.21748802,-1.0716933,-0.11775093,-1.2531359,0.051689237,-0.8166573,0.3947277,-0.3455982,-0.18192226,-1.8116708,0.259286,0.36124766,0.38203984,-0.67981446,-0.26070702,-0.37648574,1.299653,0.16779731,-1.3326163,-1.2740108,-1.2522079,-0.00466782,0.24855992,1.0800809,0.36285818,-0.8806113,-0.9772772,0.8124904,-0.58769625,0.72033095,0.19587158,-0.88260996,0.6128662,0.98080117,0.118238986,-0.13224429,0.4268276,0.46271145,0.29891807,-0.34451246,0.02537506
-0.4916783,0.7625971,-0.27719024,0.58033687,-0.20423771,0.9574313,-1.1004304,-0.18803845,-0.52024037,-0.22968116,-0.55587304,0.5539067,-0.17080906,-0.044106673,-0.34477612,-0.38729584,-0.027546536,-0.4533273,-0.6449362,0.081735745,-0.055583604,0.128825,-0.27384782,-0.31879365,0.113755524,0.37294853,-0.034316584,-0.81622493,-0.2809045,-0.15718706,-0.028274663,0.11530582,0.54778266,0.03401336,-0.005430614,-0.4596247,0.25068578,0.24013363,0.038300674,0.08493462,-0.4395413,0.17514557,0.38503245,0.016799092,-0.17494175,0.15391901,0.13063823,0.26860887,-0.2871803,0.12456339
-1.0543092,-1.2043569,0.81539685,3.67865,0.41365325,1.3275727,-1.6522888,2.4339752,-1.385098,1.2837346,0.23913915,1.089655,-0.25497916,1.0017246,-0.51951975,-0.9733789,-0.15542404,-0.8481741,1.1753304,-0.33845803,0.3077728,-0.10025126,0.4880864,0.14967081,0.9444551,-0.011716075,0.013486173,-0.2076774,0.421407,0.88048226,0.67675996,-0.17114227,0.1956309,0.8207646,0.39648122,-0.5976545,-0.07316822,0.6695153,-0.45510647,0.17577104,0.25739196,-0.26521784,-0.14460823,0.10002794,-0.12946226,-0.30506912,-0.30811742,-0.362972,0.5354444,0.18142566
-0.15937668,-0.44758165,-0.1112937,0.3573813,-0.08498071,0.37780666,-0.64293003,0.09103015,-0.4006356,-0.017188001,-0.508546,0.43507174,-0.16971037,-0.3565871,0.08873571,-0.23819613,-0.047887012,-0.22624701,-0.22935992,0.16002229,0.2665882,-0.073339805,-0.21507041,-0.40747374,0.22656025,0.08792314,0.007642705,-0.2298758,-0.038820688,-0.050144948,-0.08819407,0.13013491,0.18677205,0.08326754,-0.053398713,-0.14178625,0.03061801,-0.10361789,-0.06362882,0.14542343,-0.15451312,-9.39E-05,0.16482475,-0.19832017,-0.12890103,-0.035064694,-0.06655742,-0.035133123,0.11763507,-0.034416024
-0.6773303,0.43453798,-1.1333214,-0.6162002,-0.6507898,1.653555,-0.82237566,-0.9728342,-0.14454028,-0.27795365,-0.8488641,-0.10672468,-1.2509211,-0.10083611,-0.6279477,0.15783489,-0.31153128,-0.24045637,-1.0410211,0.2544045,0.094807945,0.22756779,-0.68985164,-0.12729703,-0.2814706,0.6551401,0.0399515,-0.8639053,-0.61074394,-1.0770743,-0.30903864,0.33970743,0.6928044,0.22609243,-0.72930735,-0.8831774,0.604396,-0.4696836,0.8151812,0.2867424,-0.67736036,0.47850183,0.66109204,0.17192489,-0.37905425,0.4290796,0.09401806,0.061730996,-0.21640173,-0.04245307
-0.6242138,0.45169356,-1.4809186,-1.2129271,-1.0668758,1.4527652,-0.30393514,-1.3623106,0.1445768,-0.714804,-0.6630155,0.045071,-0.7573098,0.38322213,-0.8236038,0.16587907,-0.5534325,0.036096886,-1.0088842,0.27017093,0.084516145,0.43771204,-0.8007199,-0.19970205,-0.521306,0.8100424,0.14761552,-0.677735,-0.690349,-0.9629467,0.0086734,0.40518677,0.9603585,0.16403681,-0.81918,-0.7137358,0.36127973,-0.6339819,0.5459092,0.24064662,-0.6510345,0.34712064,0.55876017,-0.007787741,-0.20708483,0.40601704,0.36026403,0.13984713,-0.23099126,-0.11704507
-0.51892066,0.3231275,-1.1401365,-1.0859523,-0.76949894,1.1048564,-0.29361948,-1.1774099,-0.01595851,-0.61367786,-0.24445656,0.024900585,-0.6091871,0.09247897,-0.61927885,0.08654427,-0.30468136,0.062229313,-0.8002355,0.4072278,0.06131541,0.3247813,-0.40081578,-0.13873821,-0.45790532,0.56572187,0.05045016,-0.4181959,-0.7067244,-0.7302679,-0.13168694,0.124204345,0.46291083,0.13582014,-0.679528,-0.63227165,0.22912276,-0.5448477,0.48233426,0.2891307,-0.5901685,0.24972452,0.62934023,0.038390122,-0.18542995,0.27475092,0.3005433,-0.020081311,-0.29344004,0.058820114
-0.20711544,0.43395138,-0.92902154,-0.94268906,-0.84952027,0.8285532,-0.17466067,-0.77100796,0.32565266,-0.5624506,-0.6553228,-0.27420965,-0.5664441,-0.000889335,-0.5022939,0.29386225,-0.2704589,0.10847978,-0.5364222,0.1323567,0.13335675,0.2677741,-0.6356739,-0.031392764,-0.35265768,0.4525951,0.019758195,-0.3286784,-0.52966374,-0.57984954,-0.17282586,0.18173867,0.34966776,0.09283986,-0.5385982,-0.47412318,0.29153886,-0.32993767,0.38890263,0.113291346,-0.4297226,0.24909875,0.35329142,-0.064661555,-0.26661596,0.2421463,0.10494197,-0.015966924,-0.17121851,-0.1802169
-0.8020415,-0.2113888,-0.7941689,0.41705096,-0.37090296,1.5116975,-0.9154693,-0.62589777,-0.41924527,-0.026036192,-0.6719818,0.33018202,-0.6478087,0.15487452,-0.7366275,-0.0894439,-0.34622246,0.13256577,-0.4368167,0.06943377,0.10711192,0.19823925,-0.30545464,-0.26996812,-0.09725021,0.40385148,-0.020077553,-0.53752404,-0.47803265,-0.45849356,-0.006078418,0.11729389,0.32502422,0.15397753,-0.42356032,-0.5413216,0.21830665,-0.055840198,0.39644313,0.13982634,-0.47644576,0.19760606,0.31692517,0.13271846,-0.087057404,0.1604724,0.09883613,0.006401863,-0.08784988,0.16518925
-0.067818984,0.5791049,-1.7267827,-1.4502969,-0.70910287,0.6030774,-0.026678354,-1.2952136,0.34526563,-0.33042178,-0.82568896,-0.39235604,-0.7758789,-0.074389525,-0.5427747,0.19524778,-0.63228846,0.08566821,-0.90714043,0.40326446,0.40827295,-0.06662527,-0.71310174,-0.072055146,-0.8865537,0.72232586,0.22759399,-0.6678798,-0.7031706,-1.2005508,-0.08399023,0.24224985,0.44571224,0.10098691,-0.8084673,-0.46667874,0.37172562,-0.5499023,0.5691916,0.2679433,-0.63731956,0.54045194,0.55595875,-0.012010738,-0.21324486,0.41035345,0.24688277,0.26615325,-0.3208942,-0.15415126
-0.1465952,-0.17311709,-0.09321249,0.006635122,0.005744323,0.59386015,-0.4199988,-0.057130203,-0.15837601,-0.2115169,-0.46813107,0.15295658,-0.15724231,-0.47686434,0.023434687,0.020086922,-0.049488284,-0.015814677,-0.28643268,0.110666834,0.104655415,-0.1887995,-0.5049009,-0.21896333,-0.23217021,0.25274217,0.02545366,-0.44149595,-0.25992224,-0.26808432,0.1893527,0.08206599,0.212529,0.11122035,-0.024193862,-0.23163134,0.15122448,0.048728738,0.24963042,0.06304161,-0.23058276,-0.0628374,0.426522,-0.07117298,-0.19980222,-0.102032,0.072038285,0.18034844,-0.17386366,0.030432696
-0.65091753,-1.2148039,1.034751,3.4088666,0.70190656,-0.01811324,-1.5389867,2.1474042,-1.4250711,1.4532478,0.30325896,0.7678167,-0.28035074,0.9772503,-0.37945387,-0.86015725,0.06392577,-0.64038175,1.6005272,-0.41912702,0.40563852,0.29773867,0.57325375,0.24585846,1.2815598,-0.28417885,-0.051141053,-0.23778006,0.5241141,1.2558286,0.49826756,-0.25926858,-0.036678664,0.530477,0.67804873,0.008067627,-0.031811856,0.6427073,-0.5525133,0.052149683,0.3362966,-0.216203,-0.42043215,0.03842361,0.15393381,-0.16886021,-0.13840006,-0.35584998,0.52033556,0.55406976
0.21874568,0.032458425,-0.5089522,-1.0291251,0.36865717,-0.8538867,0.49826264,-0.433922,0.35909525,-0.35928905,0.15044089,-0.26369032,0.15860027,-0.44246322,0.07517047,0.18272968,-0.30309182,0.38986713,-0.10406196,0.20716758,0.12527812,0.08271756,-0.42436546,-0.2601012,-0.28158057,0.16573788,0.16683944,0.05341152,-0.013170421,0.11996695,-0.09947858,-0.16687703,-0.07874094,0.027257122,-0.18697193,-0.03882474,-0.20405343,-0.18681909,0.114816815,-0.003226429,0.13169643,0.15724826,-0.07827325,-0.29769918,-0.19597341,0.01229568,-0.054133162,-0.02825749,-0.18337291,-0.10076135
-0.60347843,-0.98415834,0.528393,2.300177,0.4762942,0.18679218,-0.56451845,1.4215348,-0.783032,0.8802305,0.25440994,0.7371424,-0.25424004,0.05073212,-0.3448528,-0.7050681,-0.29956713,0.023601241,0.7911572,-0.0514912,0.2537591,0.09005559,0.27949136,0.071488105,0.5979004,-0.333302,-0.013773209,-0.043383487,0.05811633,0.67793524,0.32815075,-0.016060099,-0.22342046,0.31490833,0.30376053,-0.09412721,-0.056566358,0.43827027,-0.21852976,0.04487046,0.3047247,-0.17543682,-0.30802733,-0.016026959,-0.06101215,-0.17609781,-0.17996642,-0.32941675,0.16009127,0.2754195
-0.8088142,-1.245007,0.69610906,2.722242,0.7940688,0.22771937,-1.1122426,1.7604207,-1.3386472,1.3200502,0.41967523,1.0453995,-0.31246132,0.3203207,-0.63459194,-0.4790417,-0.18337122,-0.21391526,1.0210221,-0.19639161,0.28566638,0.29585603,0.48883665,0.14086595,0.9595828,-0.33629557,0.2574869,-0.21186249,0.38546702,0.8520422,0.3627017,0.021022543,-0.22216956,0.47847563,0.35201186,-0.11480248,-0.036404286,0.41280928,-0.49782157,0.043683644,0.46544576,-0.41266653,-0.28952426,0.112060204,-0.011168027,-0.08597089,-0.25421837,-0.32997167,0.26393846,0.3199175
0.15493321,-0.5473193,0.33999118,1.5083742,0.5409416,-0.82955986,-0.027165651,1.032228,-0.7287172,0.72629166,0.3380696,0.411996,0.4308362,-0.06459082,0.27338642,-0.29156184,0.009502269,-0.18961458,1.2733697,-0.37883434,0.15883958,0.113866895,0.47674298,0.06848309,0.56175464,-0.35260838,0.27333844,-0.11758834,0.5074981,1.016309,0.34633455,-0.24151725,-0.19431561,0.27591464,0.6516224,0.16800836,-0.17647159,0.47768444,-0.5852933,-0.29625705,0.592352,-0.16665596,-0.45840576,0.17113043,0.07091499,-0.3831962,-0.35326162,-0.13974711,0.22570258,0.356377
